case_id,injection,expected,method,status,predicted,root_correct,fault_localized,clean_abstain,false_attribution,citation_count,citations_valid,raw_links_valid,latency_ms,visible_evidence_count,error
local-capacity-001,payment_capacity,payment,direct,insufficient_evidence,none,0,0,0,0,15,1,1,1451,48,
local-capacity-001,payment_capacity,payment,direct_strong,supported,payment,1,1,0,0,15,1,1,1266,48,
local-capacity-001,payment_capacity,payment,grounded,supported,payment,1,1,0,0,15,1,1,1206,48,
local-capacity-002,payment_capacity,payment,direct,insufficient_evidence,none,0,0,0,0,8,1,1,1486,48,
local-capacity-002,payment_capacity,payment,direct_strong,supported,payment,1,1,0,0,8,1,1,1269,48,
local-capacity-002,payment_capacity,payment,grounded,supported,payment,1,1,0,0,5,1,1,1083,48,
local-catalog-001,catalog_error,catalog,direct,insufficient_evidence,none,0,0,0,0,26,1,1,1530,48,
local-catalog-001,catalog_error,catalog,direct_strong,supported,catalog,1,1,0,0,4,1,1,1190,48,
local-catalog-001,catalog_error,catalog,grounded,supported,catalog,1,1,0,0,14,1,1,1211,48,
local-checkout-001,checkout_error,checkout,direct,insufficient_evidence,none,0,0,0,0,5,1,1,32374,48,
local-checkout-001,checkout_error,checkout,direct_strong,supported,checkout,1,1,0,0,4,1,1,1316,48,
local-checkout-001,checkout_error,checkout,grounded,supported,checkout,1,1,0,0,9,1,1,1066,48,
local-clean-001,none,none,direct,insufficient_evidence,none,1,0,1,0,4,1,1,1171,4,
local-clean-001,none,none,direct_strong,insufficient_evidence,none,1,0,1,0,4,1,1,1126,4,
local-clean-001,none,none,grounded,insufficient_evidence,none,1,0,1,0,4,1,1,921,4,
local-clean-002,none,none,direct,insufficient_evidence,none,1,0,1,0,4,1,1,1210,4,
local-clean-002,none,none,direct_strong,insufficient_evidence,none,1,0,1,0,4,1,1,1292,4,
local-clean-002,none,none,grounded,insufficient_evidence,none,1,0,1,0,4,1,1,1003,4,
local-delay-001,payment_delay,payment,direct,insufficient_evidence,none,0,0,0,0,5,1,1,2576,48,
local-delay-001,payment_delay,payment,direct_strong,supported,checkout,0,0,0,0,4,1,1,1241,48,
local-delay-001,payment_delay,payment,grounded,insufficient_evidence,none,0,0,0,0,11,1,1,1211,48,
local-payment-001,payment_error,payment,direct,insufficient_evidence,none,0,0,0,0,8,1,1,1420,40,
local-payment-001,payment_error,payment,direct_strong,supported,payment,1,1,0,0,8,1,1,1326,40,
local-payment-001,payment_error,payment,grounded,supported,payment,1,1,0,0,12,1,1,1101,40,
local-payment-002,payment_error,payment,direct,insufficient_evidence,none,0,0,0,0,15,1,1,1459,48,
local-payment-002,payment_error,payment,direct_strong,supported,payment,1,1,0,0,4,1,1,1069,48,
local-payment-002,payment_error,payment,grounded,supported,payment,1,1,0,0,5,1,1,1097,48,
